{"files":{"glyphicons-halflings-regular-f495f34e4f177cf0115af995bbbfeb3fcabc88502876e76fc51a4ab439bc8431.eot":{"logical_path":"glyphicons-halflings-regular.eot","mtime":"2014-10-30T16:59:16-07:00","size":20335,"digest":"f495f34e4f177cf0115af995bbbfeb3fcabc88502876e76fc51a4ab439bc8431","integrity":"sha256-9JXzTk8XfPARWvmVu7/rP8q8iFAodudvxRpKtDm8hDE="},"glyphicons-halflings-regular-d168d50a88c730b4e6830dc0da2a2b51dae4658a77d9619943c27b8ecfc19d1a.svg":{"logical_path":"glyphicons-halflings-regular.svg","mtime":"2014-10-30T16:59:16-07:00","size":62927,"digest":"d168d50a88c730b4e6830dc0da2a2b51dae4658a77d9619943c27b8ecfc19d1a","integrity":"sha256-0WjVCojHMLTmgw3A2iorUdrkZYp32WGZQ8J7js/BnRo="},"glyphicons-halflings-regular-bd18efd3efd70fec8ad09611a20cdbf99440b2c1d40085c29be036f891d65358.ttf":{"logical_path":"glyphicons-halflings-regular.ttf","mtime":"2014-10-30T16:59:16-07:00","size":41280,"digest":"bd18efd3efd70fec8ad09611a20cdbf99440b2c1d40085c29be036f891d65358","integrity":"sha256-vRjv0+/XD+yK0JYRogzb+ZRAssHUAIXCm+A2+JHWU1g="},"glyphicons-halflings-regular-fc969dc1c6ff531abcf368089dcbaf5775133b0626ff56b52301a059fc0f9e1e.woff":{"logical_path":"glyphicons-halflings-regular.woff","mtime":"2014-10-30T16:59:16-07:00","size":23320,"digest":"fc969dc1c6ff531abcf368089dcbaf5775133b0626ff56b52301a059fc0f9e1e","integrity":"sha256-/Jadwcb/Uxq882gIncuvV3UTOwYm/1a1IwGgWfwPnh4="},"logo-a7ef55ef56343d6cf018cc882f1a25038e6e4d8cf45f3b412561d96fefe5029b.gif":{"logical_path":"logo.gif","mtime":"2015-11-05T08:29:05-08:00","size":14575,"digest":"a7ef55ef56343d6cf018cc882f1a25038e6e4d8cf45f3b412561d96fefe5029b","integrity":"sha256-p+9V71Y0PWzwGMyILxolA45uTYz0XztBJWHZb+/lAps="},"application-66359fa57bd179a23d4039b8ed73dd867fd2483d828886bb85f368992aa8880f.js":{"logical_path":"application.js","mtime":"2015-11-23T22:38:46-08:00","size":383259,"digest":"66359fa57bd179a23d4039b8ed73dd867fd2483d828886bb85f368992aa8880f","integrity":"sha256-ZjWfpXvReaI9QDm47XPdhn/SSD2CiIa7hfNomSqoiA8="},"application-c24b4d35d5348db904087758c0fa6225f8f9b1a1f5455b53325d48a8a5d93bc7.css":{"logical_path":"application.css","mtime":"2015-11-23T22:06:24-08:00","size":1197,"digest":"c24b4d35d5348db904087758c0fa6225f8f9b1a1f5455b53325d48a8a5d93bc7","integrity":"sha256-wktNNdU0jbkECHdYwPpiJfj5saH1RVtTMl1IqKXZO8c="},"bootstrap/glyphicons-halflings-regular-f495f34e4f177cf0115af995bbbfeb3fcabc88502876e76fc51a4ab439bc8431.eot":{"logical_path":"bootstrap/glyphicons-halflings-regular.eot","mtime":"2015-11-09T22:39:25-08:00","size":20335,"digest":"f495f34e4f177cf0115af995bbbfeb3fcabc88502876e76fc51a4ab439bc8431","integrity":"sha256-9JXzTk8XfPARWvmVu7/rP8q8iFAodudvxRpKtDm8hDE="},"bootstrap/glyphicons-halflings-regular-d168d50a88c730b4e6830dc0da2a2b51dae4658a77d9619943c27b8ecfc19d1a.svg":{"logical_path":"bootstrap/glyphicons-halflings-regular.svg","mtime":"2015-11-09T22:39:25-08:00","size":62927,"digest":"d168d50a88c730b4e6830dc0da2a2b51dae4658a77d9619943c27b8ecfc19d1a","integrity":"sha256-0WjVCojHMLTmgw3A2iorUdrkZYp32WGZQ8J7js/BnRo="},"bootstrap/glyphicons-halflings-regular-bd18efd3efd70fec8ad09611a20cdbf99440b2c1d40085c29be036f891d65358.ttf":{"logical_path":"bootstrap/glyphicons-halflings-regular.ttf","mtime":"2015-11-09T22:39:25-08:00","size":41280,"digest":"bd18efd3efd70fec8ad09611a20cdbf99440b2c1d40085c29be036f891d65358","integrity":"sha256-vRjv0+/XD+yK0JYRogzb+ZRAssHUAIXCm+A2+JHWU1g="},"bootstrap/glyphicons-halflings-regular-fc969dc1c6ff531abcf368089dcbaf5775133b0626ff56b52301a059fc0f9e1e.woff":{"logical_path":"bootstrap/glyphicons-halflings-regular.woff","mtime":"2015-11-09T22:39:25-08:00","size":23320,"digest":"fc969dc1c6ff531abcf368089dcbaf5775133b0626ff56b52301a059fc0f9e1e","integrity":"sha256-/Jadwcb/Uxq882gIncuvV3UTOwYm/1a1IwGgWfwPnh4="},"application-c9f5d3d4a1bb4b643e7e026a905246f262cced5b46649e5739ebf8529e55afea.css":{"logical_path":"application.css","mtime":"2015-11-23T22:37:54-08:00","size":1196,"digest":"c9f5d3d4a1bb4b643e7e026a905246f262cced5b46649e5739ebf8529e55afea","integrity":"sha256-yfXT1KG7S2Q+fgJqkFJG8mLM7VtGZJ5XOev4Up5Vr+o="},"application-836573edce77e0960ee677d757ae31d4973b7a8d289ad119bd26e89ca1e5d32c.js":{"logical_path":"application.js","mtime":"2015-11-23T23:09:14-08:00","size":794003,"digest":"836573edce77e0960ee677d757ae31d4973b7a8d289ad119bd26e89ca1e5d32c","integrity":"sha256-g2Vz7c534JYO5nfXV64x1Jc7eo0omtEZvSbonKHl0yw="},"jquery-1.11.1.min-fc25734e4230efec714e43b19f91bc8b3174e7732a14faefc8c2414e808624d9.map":{"logical_path":"jquery-1.11.1.min.map","mtime":"2014-05-01T10:59:34-07:00","size":141680,"digest":"fc25734e4230efec714e43b19f91bc8b3174e7732a14faefc8c2414e808624d9","integrity":"sha256-/CVzTkIw7+xxTkOxn5G8izF053MqFPrvyMJBToCGJNk="},"bootstrap-theme.css-2732c7f06f590884df48002c6b309af1700bcfefb5c56acc64db99b715b30061.map":{"logical_path":"bootstrap-theme.css.map","mtime":"2014-10-30T16:57:26-07:00","size":23071,"digest":"2732c7f06f590884df48002c6b309af1700bcfefb5c56acc64db99b715b30061","integrity":"sha256-JzLH8G9ZCITfSAAsazCa8XALz++1xWrMZNuZtxWzAGE="},"bootstrap.css-3c40401f3763a60a8f7b72854cc5778d25eac0b687d1623241f5e2de3a6c095b.map":{"logical_path":"bootstrap.css.map","mtime":"2014-10-30T16:57:26-07:00","size":220790,"digest":"3c40401f3763a60a8f7b72854cc5778d25eac0b687d1623241f5e2de3a6c095b","integrity":"sha256-PEBAHzdjpgqPe3KFTMV3jSXqwLaH0WIyQfXi3jpsCVs="},"application-146f41bb2cdd8e4ebcf7cd777921b0b42c91cbf3b32701f27a7220e6910a7e33.js":{"logical_path":"application.js","mtime":"2015-11-23T23:22:13-08:00","size":415450,"digest":"146f41bb2cdd8e4ebcf7cd777921b0b42c91cbf3b32701f27a7220e6910a7e33","integrity":"sha256-FG9Buyzdjk689813eSGwtCyRy/OzJwHyenIg5pEKfjM="},"application-1a973dcc12b64009e0e8858faf252756fe5d43c87942820716e4eface0a32ee4.css":{"logical_path":"application.css","mtime":"2015-11-23T23:22:13-08:00","size":111443,"digest":"1a973dcc12b64009e0e8858faf252756fe5d43c87942820716e4eface0a32ee4","integrity":"sha256-Gpc9zBK2QAng6IWPryUnVv5dQ8h5QoIHFuTvrOCjLuQ="}},"assets":{"glyphicons-halflings-regular.eot":"glyphicons-halflings-regular-f495f34e4f177cf0115af995bbbfeb3fcabc88502876e76fc51a4ab439bc8431.eot","glyphicons-halflings-regular.svg":"glyphicons-halflings-regular-d168d50a88c730b4e6830dc0da2a2b51dae4658a77d9619943c27b8ecfc19d1a.svg","glyphicons-halflings-regular.ttf":"glyphicons-halflings-regular-bd18efd3efd70fec8ad09611a20cdbf99440b2c1d40085c29be036f891d65358.ttf","glyphicons-halflings-regular.woff":"glyphicons-halflings-regular-fc969dc1c6ff531abcf368089dcbaf5775133b0626ff56b52301a059fc0f9e1e.woff","logo.gif":"logo-a7ef55ef56343d6cf018cc882f1a25038e6e4d8cf45f3b412561d96fefe5029b.gif","application.js":"application-146f41bb2cdd8e4ebcf7cd777921b0b42c91cbf3b32701f27a7220e6910a7e33.js","application.css":"application-1a973dcc12b64009e0e8858faf252756fe5d43c87942820716e4eface0a32ee4.css","bootstrap/glyphicons-halflings-regular.eot":"bootstrap/glyphicons-halflings-regular-f495f34e4f177cf0115af995bbbfeb3fcabc88502876e76fc51a4ab439bc8431.eot","bootstrap/glyphicons-halflings-regular.svg":"bootstrap/glyphicons-halflings-regular-d168d50a88c730b4e6830dc0da2a2b51dae4658a77d9619943c27b8ecfc19d1a.svg","bootstrap/glyphicons-halflings-regular.ttf":"bootstrap/glyphicons-halflings-regular-bd18efd3efd70fec8ad09611a20cdbf99440b2c1d40085c29be036f891d65358.ttf","bootstrap/glyphicons-halflings-regular.woff":"bootstrap/glyphicons-halflings-regular-fc969dc1c6ff531abcf368089dcbaf5775133b0626ff56b52301a059fc0f9e1e.woff","jquery-1.11.1.min.map":"jquery-1.11.1.min-fc25734e4230efec714e43b19f91bc8b3174e7732a14faefc8c2414e808624d9.map","bootstrap-theme.css.map":"bootstrap-theme.css-2732c7f06f590884df48002c6b309af1700bcfefb5c56acc64db99b715b30061.map","bootstrap.css.map":"bootstrap.css-3c40401f3763a60a8f7b72854cc5778d25eac0b687d1623241f5e2de3a6c095b.map"}}